Métrica,Media,Desviación estándar,Varianza
Pérdida,0.328133350610733,0.013096340836687608,0.0001715141433106915
Precisión,0.9133660554885864,0.006260792905107024,3.919752780063846e-05
